scenario_name,task_name,stakeholders,pain_points,ai_solutions,solution_types,deployment_models,ai_techniques,description,ai_value
2D Drawing Quantity Takeoff & Bid Preparation,Quantity Takeoff & Bid Estimation,Main Contractor | Bid Manager | Subcontractors,Manual & Repetitive Work,Civils.ai,Custom Agent,SaaS,Computer Vision | LLMs | NLP,"Manual manual measurement of civil site, road and drainage drawings requires hours of manual cross-sheet calculation; cut/fill earthwork volumes are frequently miscalculated, distorting tender cost estimates.",Automated Drawing Measurement & Takeoff
Document Compliance Review,Contract Assembly & Award,Owner / Developer | Main Contractor | Project Manager,Safety & Risk Management,Document Crunch,Custom Agent,SaaS,LLMs | NLP | RAG,Manually screening massive construction contracts for high-risk clauses is time-consuming and prone to omissions of critical liability terms,Contract Risk Clause Auto Extraction & Grounded Flagging
Energy Consumption Assessment & ESG Reporting,Energy & Building Performance Monitoring,Owner / Developer | Facility Manager,Data Fragmentation,Adaptis,Calculator,SaaS,Predictive Analytics | Rule‑based Engine,"Facility managers lack real-time visibility into building energy performance and carbon footprint. Performance data is scattered across disparate systems, making it difficult to track progress toward net-zero targets or identify optimization opportunities.",Centralised data storage
Construction Schedule Generation & Change‑Order Impact Simulation,High-Level Cost Feasibility,Project Manager | Owner / Developer | Quantity Surveyor,ROI and Cost Uncertainty,ALICE Technologies,Calculator,SaaS,Generative AI,"Project planners perform construction‑schedule optimization and change‑order impact assessment manually. Only a few scheduling scenarios can be explored, risking missed time‑cost‑efficient sequences. When change orders arise, full downstream impacts on sequencing, resources and total project duration cannot be quickly evaluated.",Generative Scheduling & Change‑Impact Simulation
Tender & Procurement Governance,Issuance of Tender Package & RFP,Project Manager | Quantity Surveyor,Document Management,Document Crunch,Custom Agent,SaaS,Embedding Model | LLMs | NLP | RAG,Long tender and specification documents require manual sorting of obligations and constraints with low efficiency,Tender & Specification Semantic Summarization
Energy Consumption Assessment & ESG Reporting,High-Level Cost Feasibility,Owner / Developer | Project Manager | Quantity Surveyor | Facility Manager,ROI and Cost Uncertainty,Adaptis,Calculator,SaaS,Predictive Analytics | Rule‑based Engine,"Owners and developers struggle with manual, limited feasibility analysis for early‑stage design and retrofit planning. They cannot reliably forecast full‑lifecycle CAPEX & carbon emissions, assess retrofit ROI and carbon impacts, optimize work sequencing, or identify cost‑optimal decarbonization pathways.",AI‑driven multi‑objective optimization & scenario portfolio generation
Energy Consumption Assessment & ESG Reporting,Go / No-Go Decision,Owner / Developer | Project Manager,Decision Support Deficit,Adaptis,Calculator,SaaS,NLP | Predictive Analytics | Rule‑based Engine,Decision-makers lack data-driven insights to evaluate whether a project's decarbonization goals are financially viable. Investment decisions are often based on limited analysis and intuition rather than comprehensive scenario modeling.,AI‑driven Optimization & Scenario Generation
Pre‑Construction AI Drawing Review & Bid‑Workflow Acceleration,Quantity Takeoff & Bid Estimation,Main Contractor | Subcontractors | Bid Manager,Manual & Repetitive Work,Helonic(Articulate),Automation,SaaS,Computer Vision,"Preconstruction teams spend excessive time on manual takeoff and plan review. Analyzing drawings for quantities, scope, and constructability is labor-intensive and limits how many projects a team can bid on.",Drawing Quantity‑Constructability Analysi
Schedule Risk & Bid Trade‑off Analysis,Bid Consolidation & Commercial Evaluation,Quantity Surveyor | Project Manager | Main Contractor | Architect,Decision Support Deficit,ALICE Technologies,Calculator,SaaS,Monte Carlo simulation | Rule‑based Engine,"Contractors cannot properly price schedule‑related risk into bids; delay probability and cost impacts are hard to quantify, causing uncompetitive or under‑risk‑priced tenders. Stakeholders lack transparent trade‑off visibility between scheduling strategies’ cost, speed and risk exposure.",Schedule‑Risk Quantification & Multi‑Objective Trade‑off Simulation
Construction Schedule Generation & Change‑Order Impact Simulation,Site Execution & Logistics Planning,Main Contractor | Subcontractors,Productivity Tracking Gaps,ALICE Technologies,Calculator,SaaS,Monte Carlo simulation,"Resource allocation and sequencing decisions are suboptimal. Determining the optimal crew sizes, equipment usage, and task sequencing for complex projects is beyond human computational capacity.",Resource‑Sequence Optimization
Pre‑Construction AI Drawing Review & Bid‑Workflow Acceleration,Building Permit Submission & Approvals,Architect | Project Manager,Compliance & Regulatory Burden,Helonic(Articulate),Automation,SaaS,Computer Vision,"Code compliance review of drawings is manual and slow. Checking designs against building codes and zoning regulations requires expert knowledge and significant time, delaying permit submissions and project start dates.",Drawing Code‑Compliance Validation
Pre‑Construction AI Drawing Review & Bid‑Workflow Acceleration,Clash Detection & Spatial Coordination,Architect | Subcontractors | Main Contractor,Design Error & Coordination Gaps,Helonic(Articulate),Automation,SaaS,Computer Vision,"Design clashes are detected too late in the process. Early clash detection from 2D drawings is difficult, and many coordination issues are only discovered during construction when they are most expensive to fix.",AI‑Based 2D Cross‑Discipline Clash Detection
Pre‑Construction AI Drawing Review & Bid‑Workflow Acceleration,Tender Queries (RFI) Management,Architect | Main Contractor | Subcontractors | MEP Engineer,Knowledege Fragmentation,Helonic(Articulate),Automation,SaaS,LLMs,"RFI generation from drawing review is manual. When estimators and project managers identify questions or issues during bid review, documenting and organizing them into formal RFIs takes additional time.",RFI Drafting
Pre‑Construction AI Drawing Review & Bid‑Workflow Acceleration,Bid Consolidation & Commercial Evaluation,Quantity Surveyor | Project Manager,Productivity Tracking Gaps,Helonic(Articulate),Automation,SaaS,Orchestration,"Solar and construction contractors need faster preconstruction to win more work. The speed of takeoff and estimating directly impacts bid volume and win rate, creating competitive pressure to accelerate the preconstruction process.",Workflow Acceleration
Early‑Stage Site & Concept Design + Model‑Based Takeoff,Site Context & Environmental Analysis,MEP Engineer | Main Contractor | Architect | Bid Manager | Subcontractors,Manual & Repetitive Work,Autodesk Forma,Automation,SaaS,3D‑Model Geometric Analysis | Generative Design,"Automates manual site‑data collection, conceptual layout iteration and BIM quantity take‑off to eliminate repetitive human labour.",Generative Site‑Concept Exploration & Automated Model Takeoff
Construction‑Site Performance & Issue Management,Progress Monitoring & Quality Inspections,Project Manager | Architect | Main Contractor,ROI and Cost Uncertainty,Autodesk Forma,Automation,SaaS,Machine Learning | Predictive Analytics,"Project risks are identified reactively rather than proactively. Cost, schedule, quality, and safety issues are often only detected after they have already caused delays or rework, rather than being predicted and prevented early.",Risk Forecasting
BIM‑Based Design Coordination & Clash Review,Clash Detection & Spatial Coordination,Architect | Structural Engineer | MEP Engineer,Design Error & Coordination Gaps,Autodesk Forma,Automation,SaaS,3D‑Model Geometric Analysis,"Design coordination issues are found late in the process. Cross-disciplinary clashes between architectural, structural, and MEP systems are often only discovered during construction, leading to costly rework and schedule delays.",Early Clash Detection
Construction‑Site Performance & Issue Management,Progress Monitoring & Quality Inspections,Project Manager | Architect | Main Contractor | MEP Engineer | Structural Engineer,Productivity Tracking Gaps,Buildots,Automation,SaaS,3D‑Model Geometric Analysis | Computer Vision,"Manual site‑progress reporting is subjective and delayed. Relying on walkthroughs and subcontractor self‑reports causes inaccurate tracking. Deviations between planned and actual work, subcontractor under‑performance and material gaps are only spotted after downstream project delays occur.",Site Progress‑Actual Deviation Detection
Construction‑Site Performance & Issue Management,Progress Monitoring & Quality Inspections,Main Contractor | Architect | Project Manager,Knowledege Fragmentation,Buildots,Automation,SaaS,Computer Vision,"Subcontractor accountability is hard to enforce. Without objective, visual evidence of work completed, it is difficult to hold trade partners accountable for delays or quality issues, leading to disputes and claims.",Site Visual Evidence Logging
Construction‑Site Performance & Issue Management,Change Order Management,Quantity Surveyor | Owner / Developer,ROI and Cost Uncertainty,Buildots,Automation,SaaS,3D‑Model Geometric Analysis | Computer Vision,"As-built documentation is incomplete and outdated. Construction progress imagery is not systematically captured and linked to BIM models, making handover documentation unreliable for future facility management and renovation.",Change Impact Visual Assessment
Construction Financial & Administrative Workflow Orchestration,Payment Application Validation,Quantity Surveyor | Main Contractor | Project Manager | Architect,Manual & Repetitive Work,Briq,Custom Agent,SaaS,Document Intelligence | Machine Learning,"Manual processing dominates payment validation and periodic financial reporting. Teams manually cross-check pay applications against contracts, valuation schedules and change orders, and extract scattered cross-system data to build performance, cash flow and productivity spreadsheets, creating heavy admin burden, human errors, overpayment risks and compliance gaps.",Financial Admin Automation
Construction Financial & Administrative Workflow Orchestration,Change Order Management,Owner / Developer | Quantity Surveyor,Knowledege Fragmentation,Briq,Custom Agent,SaaS,Document Intelligence | Machine Learning | Predictive Analytics,"Final account settlement is complex and time-consuming. Reconciling all changes, claims, and payments at project closeout requires gathering data from multiple systems and manual verification, delaying final payments and project closure.",Closeout Financial Reconciliation
Construction Financial & Administrative Workflow Orchestration,Change Order Management,Owner / Developer | Quantity Surveyor,Data Fragmentation,Briq,Custom Agent,SaaS,Document Intelligence | Machine Learning | Predictive Analytics,"Financial data is siloed across different systems. Project financials, ERP data, HR systems, and operational data are in separate platforms, making it hard to get a unified view of project performance and profitability.",Cross-System Financial Data Unification
Construction Financial & Administrative Workflow Orchestration,Bid Consolidation & Commercial Evaluation,Quantity Surveyor | Owner / Developer,Decision Support Deficit,Briq,Custom Agent,SaaS,Document Intelligence | Machine Learning | Predictive Analytics,"Financial decision support for project teams is limited. Project managers lack real-time, data-driven insights into project financial health, relying instead on periodic reports that are outdated by the time they arrive.",Real-Time Financial Performance Forecasting
MEP Design & Engineering Coordination,MEP System & Space Allocation,Architect | Main Contractor | MEP Engineer | Bid Manager | Subcontractors,Manual & Repetitive Work,Consigli,Automation,SaaS,Generative Design | Machine Learning | Mathematical Optimization | Rule‑based Engine,"MEP conceptual sizing, detailed routing design and tender documentation creation rely heavily on slow, manual repetitive engineering work. Heavy reliance on senior engineers extends design timelines, creates design bottlenecks, limits design alternative exploration and introduces inconsistent tender data.",Autonomous MEP Design & Tender Output Automation
MEP Design & Engineering Coordination,Clash Detection & Spatial Coordination,MEP Engineer | Architect | Structural Engineer,Design Error & Coordination Gaps,Consigli,Automation,SaaS,Generative Design | Mathematical Optimization | Rule‑based Engine,"Design coordination requires iterative manual clash detection. Engineers spend significant time resolving clashes between disciplines, with each iteration taking days or weeks to complete.",Multi‑Discipline Clash‑Aware Design Optimization
MEP Design & Engineering Coordination,Conceptual Space Planning & Layouts,Architect,Workforce & Skills Gap,Consigli,Automation,SaaS,Generative Design | Mathematical Optimization | Rule‑based Engine,"There is a global shortage of experienced MEP engineers. Engineering firms struggle to find and retain qualified staff, limiting their capacity to take on projects and driving up costs for clients.",MEP Engineering Capacity Augmentation
Construction Site Field Layout & Model‑to‑Field Execution,Site Execution & Logistics Planning,Main Contractor | Subcontractors,Manual & Repetitive Work,Dusty Robotics,Automation,Hardware + SaaS,Computer Vision | Geospatial Model Transformation | SLAM Autonomous Navigation,"Manual layout on construction sites is slow and error-prone. Surveyors and layout engineers spend days marking floor plans on concrete slabs using tape measures and chalk lines, with human errors leading to costly rework.",Autonomous Robotic Site Layout Printing
Construction Site Field Layout & Model‑to‑Field Execution,Shop Drawing & Fabrication Model Production,Main Contractor | Subcontractors | Supplier | Project Manager | Architect,Design Error & Coordination Gaps,Dusty Robotics,Automation,Hardware + SaaS,Computer Vision | Geospatial Model Transformation | SLAM Autonomous Navigation,"Design intent is lost during BIM‑to‑field hand‑off. Manual layout inaccuracies create discrepancies between digital models and physical construction. Layout mistakes propagate across trades and are only detected at late construction stages, triggering costly demolition and rework.",BIM‑to‑Field Intent Preservation
Construction Site Field Layout & Model‑to‑Field Execution,Site Execution & Logistics Planning,Subcontractors | Main Contractor,Workforce & Skills Gap,Dusty Robotics,Automation,Hardware + SaaS,Computer Vision | Geospatial Model Transformation | SLAM Autonomous Navigation,"Skilled layout workers are in short supply. Experienced surveyors and layout engineers are hard to find and retain, creating bottlenecks in the construction schedule and increasing labor costs.",Site‑Workforce Capacity Augmentation
Construction Site Field Layout & Model‑to‑Field Execution,Submittal & Shop Drawing Review,Architect | Structural Engineer | MEP Engineer,Internal Alignment Needed,Dusty Robotics,Automation,Hardware + SaaS,Computer Vision | Geospatial Model Transformation | SLAM Autonomous Navigation,"Coordination between design and field teams is inefficient. Design changes require manual re-layout, and verifying that field work matches the latest design documents is time-consuming and error-prone.",Design‑Field Synchronized Execution
MEP Design & Engineering Coordination,MEP Routing & Sizing,MEP Engineer | Structural Engineer,Manual & Repetitive Work,Endra,Automation,SaaS,Generative Design | LLMs | Mathematical Optimization | Rule‑based Engine,"Code‑compliant coordinated MEP layout and detailed construction drawing generation involve slow, rule‑heavy manual engineering and drafting work. Heavy reliance on specialist expertise creates design workflow bottlenecks.",Autonomous MEP Layout & Drawing Automation
MEP Design & Engineering Coordination,Clash Detection & Spatial Coordination,Structural Engineer | MEP Engineer | Architect,Design Error & Coordination Gaps,Endra,Automation,SaaS,Generative Design | Mathematical Optimization | Rule‑based Engine,"MEP designs often have coordination issues that are found late. Clashes between different MEP disciplines and with structural elements are typically discovered during construction, causing costly rework and delays.",Constraint‑Aware MEP Co‑Design Optimization
MEP Design & Engineering Coordination,Detailed Cost Estimate,Project Manager | Quantity Surveyor,Knowledege Fragmentation,Endra,Automation,SaaS,Knowledge Capture | LLMs | Rule‑based Engine,"Firms cannot easily encode and reuse institutional engineering knowledge. Each engineer designs differently based on their experience, and there is no systematic way to capture and standardize best practices across the organization.",Knowledge Encoding & Reuse
MEP Design & Engineering Coordination,Building Performance & Energy Modeling,Architect | MEP Engineer,Cost & Schedule Uncertainty,Endra,Automation,SaaS,Knowledge Capture | LLMs | Rule‑based Engine,"MEP design optimization for energy efficiency is complex. Balancing system performance, energy consumption, and material cost requires sophisticated analysis that is often skipped due to time and resource constraints.",Multi‑Objective MEP Performance‑Cost Optimization
Construction Risk & Lifecycle Governance,Go / No-Go Decision,Owner / Developer,Decision Support Deficit,Enlaye,Automation,SaaS,Graph‑based Reasoning | LLMs | Predictive Analytics | RAG,"Project teams lack early visibility into potential risks that could derail projects. Risks related to delays, cost overruns, and construction errors are not systematically identified and quantified during the feasibility phase, leading to go/no-go decisions based on incomplete information.",Early‑Stage Quantitative Risk Forecasting
Construction Risk & Lifecycle Governance,Progress Monitoring & Quality Inspections,Architect | Main Contractor | Project Manager,Data Fragmentation,Enlaye,Automation,SaaS,Graph‑based Reasoning | LLMs | RAG,"Project data is siloed across SharePoint, construction cloud platforms, and other systems. Risk-relevant information is scattered across documents, schedules, and communications, making it impossible to get a holistic view of project risk in real time.",Multi‑Source Risk Data Unification
Construction Risk & Lifecycle Governance,Bid Consolidation & Commercial Evaluation,Quantity Surveyor | Project Manager,Internal Alignment Needed,Enlaye,Automation,SaaS,Graph‑based Reasoning | LLMs | RAG,"Risk assessment during bidding is subjective and inconsistent. Different team members evaluate risk differently based on experience, and there is no standardized, data-driven approach to quantifying risk exposure across bid options.",Standardized Bid‑Risk Quantification
Construction Risk & Lifecycle Governance,Change Order Management,Quantity Surveyor | Owner / Developer | Main Contractor | Architect | Structural Engineer | MEP Engineer,Safety & Risk Management,Enlaye,Automation,SaaS,Graph‑based Reasoning | LLMs | Predictive Analytics | RAG,"Unplanned field issues lack automated risk-level triage, leading to equal resource investment on minor and high-impact problems. Change orders trigger heavy cost overruns and disputes; teams cannot forecast schedule & budget impacts of variations or benchmark live project risk profiles against historical records.",Risk-Based Site Issue & Change Order Prioritization
Design Quality & Preconstruction Risk Governance,Cross-Disciplinary QA/QC Check,MEP Engineer | Structural Engineer | Architect,Design Error & Coordination Gaps,Firmus (Acquired by Bluebeam),Automation,SaaS,Computer Vision | Rule‑based Drawing Validation,"Manual 2D drawing review is slow and prone to oversights. Undetected inconsistencies and scope gaps in documents trigger RFIs, change orders, rework, cost overruns and delays.",Automated Drawing Defect & Scope Gap Detection
Design Quality & Preconstruction Risk Governance,Quantity Takeoff & Bid Estimation,Main Contractor | Subcontractors | Bid Manager,Cost & Schedule Uncertainty,Firmus (Acquired by Bluebeam),Automation,SaaS,Computer Vision | Rule‑based Drawing Validation,"Incomplete or ambiguous drawings lead to inaccurate estimates. When drawings are missing key information, estimators must make assumptions that can result in significant cost overruns or lost bids.",Pre-Bid Drawing Completeness Validation
Design Quality & Preconstruction Risk Governance,Production of Architectural Working Drawings,Architect | Draftsmen,Manual & Repetitive Work,Firmus (Acquired by Bluebeam),Automation,SaaS,Computer Vision | Rule‑based Drawing Validation,"Design iteration cycles are slowed by manual QA/QC. Each design iteration requires a full review cycle, creating a bottleneck that slows down the entire design process and limits how many iterations can be completed.",Iterative Real-Time Drawing QA Automation
Design Quality & Preconstruction Risk Governance,Production of Architectural Working Drawings,Architect | Draftsmen,Decision Support Deficit,Firmus (Acquired by Bluebeam),Automation,SaaS,Computer Vision | Rule‑based Drawing Validation,"Design risk is not systematically evaluated during VE. Value engineering discussions focus on cost reduction but don't systematically assess how changes affect design quality, constructability, and risk.",VE Multi-Dimensional Design Risk Assessmen
Construction Schedule & Timeline Governance,Progress Monitoring & Quality Inspections,Main Contractor | Project Manager | Owner / Developer | Quantity Surveyor | Architect,Cost & Schedule Uncertainty,karmen,Custom Agent,SaaS,Historical Schedule Analytics | LLMs | Rule-based Scheduling Engine,"Construction baseline schedules rely on labor-heavy manual setup. Schedule revisions triggered by delays or change orders are slow, reactive and hard to maintain, rendering master schedules outdated, untrusted and causing cross-trade coordination misalignment.",Real-Time Automated Schedule Baseline & Change Update
Construction Schedule & Timeline Governance,Construction RFIs & Issue Resolution,Architect | Main Contractor | MEP Engineer | Structural Engineer,Document Management,karmen,Custom Agent,SaaS,LLMs | Rule-based Scheduling Engine,"Drafting formal time-impact narratives for delays and change orders requires heavy manual analysis & writing, consuming schedulers’ high-value working bandwidth.",AI-Generated Time-Impact Delay Narratives
Construction Schedule & Timeline Governance,High-Level Cost Feasibility,Quantity Surveyor | Project Manager,Decision Support Deficit,karmen,Custom Agent,SaaS,Historical Schedule Analytics | LLMs,"Early-phase schedule estimates lack rigor. During feasibility, rough order-of-magnitude schedules are based on experience rather than systematic analysis of project documents and historical data.",Data-Driven Early-Phase Feasibility Scheduling
Construction Schedule & Timeline Governance,High-Level Cost Feasibility,Quantity Surveyor | Project Manager | Main Contractor | Subcontractors,Cost & Schedule Uncertainty,nPlan,Calculator,SaaS,Historical Schedule Analytics | Monte Carlo simulation,Early schedule risk assessment relies on subjective experience without historical data to quantify timeline uncertainty; delays are only identified after hitting the critical path with limited recovery windows.,Schedule risk prediction & early delay warning
Construction Schedule & Timeline Governance,Progress Monitoring & Quality Inspections,Project Manager | Architect | Main Contractor | Quantity Surveyor,Decision Support Deficit,nPlan,Calculator,SaaS,Historical Schedule Analytics | Probabilistic timeline modeling,"Inability to quantify risk impairs decision-making. Firms lack the visibility to compare cross-portfolio risk profiles and identify critical projects, while also struggling to evaluate bidder schedules or predict on-time delivery rates during procurement.",Portfolio & bid schedule risk benchmarking
Construction Schedule & Timeline Governance,Change Order Management,Owner / Developer | Quantity Surveyor,Safety & Risk Management,nPlan,Calculator,SaaS,Historical delay correlation analysis | Monte Carlo simulation,"The schedule impact of change orders is hard to predict accurately. Project teams struggle to quantify how changes will affect the overall timeline, leading to disputes over delay claims and extension of time requests.",Impact calculation
Preconstruction Cost Estimation Governance,Quantity Takeoff & Bid Estimation,Main Contractor | Bid Manager | Subcontractors | Quantity Surveyor | Project Manager,Manual & Repetitive Work,Togal AI,Automation,SaaS,Computer Vision | Drawing Object Recognition,"Manual 2D drawing takeoff and BOQ drafting is time-consuming, error-prone and inconsistent. Comparing quantities across revised drawings requires full rework, slowing bid preparation.",Automated Comparison
Preconstruction Cost Estimation Governance,Value Engineering (VE) Review,Architect | Owner / Developer | Main Contractor | Quantity Surveyor,Decision Support Deficit,Togal AI,Automation,SaaS,Computer Vision | Real-Time Quantity Recalculation,"Slow manual recalculation prevents instant ""what-if"" cost evaluation for design alternatives during value engineering.",Real-Time VE Cost What-If Simulation
Preconstruction Cost Estimation Governance,Quantity Takeoff & Bid Estimation,Main Contractor | Bid Manager | Subcontractors,Workforce & Skills Gap,Togal AI,Automation,SaaS,Computer Vision | Drawing Object Recognition,"Estimating teams have limited capacity to process bids. Manual takeoff work creates a bottleneck that limits how many projects contractors can bid on, forcing them to pass on opportunities and constrain revenue growth.",Estimating Bid Capacity Bottleneck Removal
Land & Site Feasibility Generative Design,Preliminary Site Massing,Architect,Manual & Repetitive Work,TestFit,Calculator,SaaS,Generative Design | Parametric modeling,"Site feasibility studies take weeks of manual work. Architects and developers spend enormous time manually laying out buildings on sites to test different configurations, limiting the number of options that can be evaluated.",Automated Generative Site Layout Iteration
Land & Site Feasibility Generative Design,Zoning & Regulatory Analysis,Architect | Owner / Developer,Compliance & Regulatory Burden,TestFit,Calculator,SaaS,Geometric Constraint Solver | Rule‑based Engine,"Zoning compliance verification is manual and error-prone. Checking designs against complex zoning regulations (setbacks, height limits, density, parking requirements) takes significant time and expertise.",Real-time Automated Zoning Rule Compliance Check
Land & Site Feasibility Generative Design,High-Level Cost Feasibility,Project Manager | Quantity Surveyor,Cost & Schedule Uncertainty,TestFit,Calculator,SaaS,Parametric Simulation Engine | Rule-based Financial Model,"Zoning compliance verification is manual and error-prone. Checking designs against complex zoning regulations (setbacks, height limits, density, parking requirements) takes significant time and expertise.",Multi-Discipline Site Plan Financial Calculation
Land & Site Feasibility Generative Design,Go / No-Go Decision,Owner / Developer | Architect | Facility Manager,Decision Support Deficit,TestFit,Calculator,SaaS,Generative AI | Parametric Simulation Engine,"Teams lack fast optimization tools to balance unit mixes for maximum yield; land acquisition decisions rely only on rough, incomplete feasibility analysis.",Yield Optimization & Data-Driven Land Feasibility Decision Support
Tender & Procurement Governance,Bid Consolidation & Commercial Evaluation,Quantity Surveyor | Project Manager | Subcontractors | Bid Manager | Main Contractor,Procurement Inefficiency,TruBuild,Automation,SaaS,NLP | Rule‑based Engine,Complex tender evaluation consumes massive person‑hours; disjointed technical‑commercial reviews and inconsistent evaluator scoring hinder consistent vendor comparison. Disparate quote formats and scope assumptions further complicate apples‑to‑apples subcontractor benchmarking.,AI‑Assisted Standardised Tender Evaluation & Quote Normalisation
Tender & Procurement Governance,Tender Queries (RFI) Management,Main Contractor | Architect | MEP Engineer | Structural Engineer,Document Management,TruBuild,Automation,SaaS,NLP | RAG,"Tender queries and answers are scattered across emails and spreadsheets. Tracking which questions have been answered, ensuring consistency in responses, and maintaining an auditable trail of tender communications is cumbersome.",Centralised Tender Q&A Audit Trail Management
Tender & Procurement Governance,Contract Assembly & Award,Owner / Developer | Main Contractor | Project Manager,Decision Support Deficit,TruBuild,Automation,SaaS,RAG | Rule‑based Engine,"Procurement decisions lack traceability to supporting evidence. When award decisions are challenged, teams struggle to reconstruct the reasoning, scoring, and source documents that led to the recommendation, creating legal and compliance risk.",Evidence‑Linked Auditable Procurement Decision Logging
Tender & Procurement Governance,Issuance of Tender Package & RFP,Main Contractor | Quantity Surveyor,Knowledege Fragmentation,TruBuild,Automation,SaaS,RAG | Rule‑based Engine,"Organizations lack institutional memory from past tenders. Cost patterns, vendor performance data, and lessons learned from previous procurement cycles are not systematically captured and reused, leading to repeated mistakes and missed optimization opportunities.",Knowledge Encoding & Reuse
Field & Project Document Governance,Construction RFIs & Issue Resolution,Main Contractor | Architect | Structural Engineer | MEP Engineer,Knowledege Fragmentation,Trunk Tools,Custom Agent,SaaS,NLP | RAG,"Field workers waste hours searching through project documents for answers. When questions arise on site, workers must call the office or dig through hundreds of pages of specs, drawings, and RFIs, slowing down problem resolution.",Project Document Q&A Retrieval
Field & Project Document Governance,Submittal & Shop Drawing Review,Architect | Structural Engineer | MEP Engineer,Manual & Repetitive Work,Trunk Tools,Custom Agent,SaaS,NLP | Rule‑based Engine,"Submittal review is repetitive and time-consuming. Engineers and architects must manually check submittals against specifications for compliance, a process that is both tedious and prone to human error when dealing with high volumes.",Submittal‑to‑Spec Compliance Review
Field & Project Document Governance,Cross-Disciplinary QA/QC Check,MEP Engineer | Structural Engineer | Architect,Design Error & Coordination Gaps,Trunk Tools,Custom Agent,SaaS,Computer Vision | Rule‑based Engine,"Drawing revision analysis is manual and error-prone. When new drawing sets are issued, teams must manually compare versions to identify changes, risking missed updates that lead to construction errors and rework.",Automated Drawing Revision Change Detectio
Field & Project Document Governance,Progress Monitoring & Quality Inspections,Main Contractor | Architect | Project Manager,Data Fragmentation,Trunk Tools,Custom Agent,SaaS,Computer Vision | NLP | RAG,"Unstructured project data (specs, RFIs, drawings, schedules, contracts) is hard to synthesize. Project teams cannot quickly get answers to complex questions that require pulling information from multiple document types and sources.",Cross‑Document Multi‑Source Project Data Synthesis
Field & Project Document Governance,Site Execution & Logistics Planning,Main Contractor | Subcontractors,Productivity Tracking Gaps,Trunk Tools,Custom Agent,SaaS,NLP | RAG,"Administrative tasks drain field productivity. Superintendents and foremen spend significant time on paperwork, documentation, and information lookup instead of overseeing actual construction work.",Field Administrative Workload Reduction
Multi-Site Asset & Facility Mapping,Progress Monitoring & Quality Inspections,Subcontractors | Main Contractor | Project Manager | Architect,Productivity Tracking Gaps,viAct,Automation,Hybrid (Edge + Cloud),Computer Vision | Rule‑based Engine,"Manual site progress tracking is labour‑intensive, subjective and delayed. Limited oversight causes inaccurate progress reporting and missed quality issues. Meanwhile, real‑time visibility over fleet‑equipment location, idle status and usage is missing, driving poor resource allocation and avoidable costs.",Progress & Equipment Utilization Monitoring
Multi-Site Asset & Facility Mapping,Site Execution & Logistics Planning,Main Contractor | Subcontractors,Safety & Risk Management,viAct,Automation,Hybrid (Edge + Cloud),Computer Vision | Rule‑based Engine,"Construction sites have high safety risks with limited real-time monitoring. PPE violations, danger zone intrusions, and unsafe work-at-height behaviors often go undetected until incidents occur, leading to injuries, fines, and project delays.",Real‑time Visual Site Safety Hazard Detection
Multi-Site Asset & Facility Mapping,Progress Monitoring & Quality Inspections,Project Manager | Main Contractor | Architect,Data Fragmentation,viAct,Automation,Hybrid (Edge + Cloud),Computer Vision | Rule‑based Engine,"Site documentation is fragmented across photos, videos, and reports stored in different systems. There is no centralized, automatically organized record of project progress by location, floor, and time, making it hard to verify work or resolve disputes.",Location‑Time Indexed Centralised Site Evidence Repository
Multi-Site Asset & Facility Mapping,Construction RFIs & Issue Resolution,Architect | Main Contractor | Structural Engineer | MEP Engineer,Document Management,viAct,Automation,Hybrid (Edge + Cloud),Computer Vision | NLP,"Site documentation is fragmented across photos, videos, and reports stored in different systems. There is no centralized, automatically organized record of project progress by location, floor, and time, making it hard to verify work or resolve disputes.",Auto‑Generated Safety Incident Evidence Reporting
2D Drawing Quantity Takeoff & Bid Preparation,Quantity Takeoff & Bid Estimation,Main Contractor | Subcontractors | Quantity Surveyor | Bid Manager,Manual & Repetitive Work,Kreo,Automation,SaaS,Computer Vision | LLMs,"Manual drawing measurement, routine takeoff and BOQ report generation are labour‑intensive and error‑prone.",AI Auto-Takeoff
Quantity‑Spec Data Alignment & Central Access,Quantity Takeoff & Bid Estimation,Bid Manager | Main Contractor | Subcontractors | Architect | MEP Engineer | Quantity Surveyor | Structural Engineer | Project Manager,Data Fragmentation,Kreo,Automation,SaaS,Computer Vision | NLP | Rule‑based Engine,Spec data is scattered and decoupled from measured drawing elements; manual data entry when converting quantities to cost estimates introduces calculation errors.,AI Auto-Takeoff
Generative Design & Single‑Source Documentation Governance,Conceptual Space Planning & Layouts,Architect | Draftsmen,Manual & Repetitive Work,Higharc,Automation,SaaS,Computer Vision | Generative Design,Manual residential floor‑plan drafting and iterative design consumes extensive manpower; repeated redrawing for multiple home variants creates heavy repetitive workload.,Sketch-to-BIM Generative Pipeline
Generative Design & Single‑Source Documentation Governance,Detailed Architectural Modeling & Coordination,Architect | Structural Engineer | MEP Engineer,Data Fragmentation,Higharc,Automation,SaaS,Parametric modeling | Rule‑based Engine,"Design drawings, material takeoffs and cost estimates live in disconnected systems. Design modification cannot automatically propagate across documents, triggering inconsistency and rework.",Auto-Sync Documentation
Generative Design & Single‑Source Documentation Governance,Quantity Takeoff & Bid Estimation,Main Contractor | Bid Manager | Subcontractors | Quantity Surveyor | Project Manager,Cost & Schedule Uncertainty,Higharc,Automation,SaaS,Computer Vision | Parametric modeling,"Evaluating yield and cost impact for multiple residential design variants requires manual re‑calculation, blocking fast what‑if analysis for product‑development decisions.",AI-Powered Estimating
Generative Design & Single‑Source Documentation Governance,Detailed Architectural Modeling & Coordination,Architect,AI Hallucinations,Higharc,Automation,SaaS,Generative Design | Transformer Model,"Generic generative‑AI design outputs ignore physical, code and construction constraints, generating visually plausible yet non‑buildable layouts which trigger downstream rework and cost risk.",Buildings-as-Data Generative System
Architectural Concept Visualization & Render Iteration,Architectural Aesthetic & Facade Concept,Architect | Owner / Developer,Manual & Repetitive Work,Veras,Automation,SaaS,Diffusion Model | Generative AI,"Traditional photorealistic rendering is time‑consuming; architects spend hours tuning materials, lighting to generate presentation visuals for design iterations.",AI-Powered Rendering
Architectural Concept Visualization & Render Iteration,Architectural Aesthetic & Facade Concept,Owner / Developer | Architect | Project Manager,AI Hallucinations,Veras,Automation,SaaS,Computer Vision | Generative AI,"Generic text‑to‑image AI tools alter building geometry, distort spatial layout; outputs diverge from actual BIM/CAD design intent.",Geometry-Grounded AI Rendering
Architectural Concept Visualization & Render Iteration,Architectural Aesthetic & Facade Concept,Architect | Project Manager | Owner / Developer,Workforce & Skills Gap,Veras,Automation,SaaS,Diffusion Model | Generative AI,Producing professional renderings requires dedicated visualization specialists and expensive rendering setups.,Democratized AI Visualization
In‑Tool Generative Design Ideation,Conceptual Space Planning & Layouts,Architect,Data Fragmentation,Veras,Automation,SaaS,Computer Vision | Generative AI,"Switching between standalone AI image generators and authoring tools breaks design workflow context, causing copy‑paste overhead and context loss.",Native Plugin‑based AI Visualization
Multi‑Trade Drawing Quantity Takeoff & BOQ Preparation,Quantity Takeoff & Bid Estimation,Bid Manager | Main Contractor | Subcontractors | Quantity Surveyor,Manual & Repetitive Work,Beam AI,Automation,SaaS,Computer Vision | OCR,"Manual multi‑trade quantity takeoff from PDF construction drawings consumes extensive estimator labour‑hours, slowing bid preparation workflows.",AI Auto-Takeoff
Multi‑Trade Drawing Quantity Takeoff & BOQ Preparation,Tender Queries (RFI) Management,Architect | Structural Engineer | Main Contractor | MEP Engineer,Data Fragmentation,Beam AI,Automation,SaaS,LLMs | RAG,"Quantitative information is scattered across drawing sheets, legends and notes; consolidating cross‑trade material data for consistent BOQ output is cumbersome.",Project Document Q&A Retrieval
Multi‑Trade Drawing Quantity Takeoff & BOQ Preparation,Quantity Takeoff & Bid Estimation,Main Contractor | Bid Manager | Subcontractors | Architect | Quantity Surveyor | Owner / Developer,ROI and Cost Uncertainty,Beam AI,Automation,SaaS,Change Detection AI | Computer Vision | Rule‑based Engine,Inaccurate takeoffs lead to cost estimation errors and bid margin uncertainty.,Accuracy-Guaranteed Estimating
Change‑Order & T&M Ticket Governance,Change Order Management,Owner / Developer | Quantity Surveyor,Manual & Repetitive Work,Clearstory,Custom Agent,SaaS,LLMs,"Manual drafting, pricing and formatting of change‑order requests and field T&M tickets consumes extensive labour‑hours; manual transcription from field voice‑notes and photos creates heavy administrative burden.",AI COR Generation Agent
Change‑Order & T&M Ticket Governance,Change Order Management,Owner / Developer | Quantity Surveyor,Data Fragmentation,Clearstory,Automation,SaaS,LLMs | NLP,"Project rate libraries, contract clauses and prior change‑order records are siloed; cross‑reference for apples‑to‑apples pricing during COR preparation is slow and error‑prone.",AI Reason Classification
Change‑Order & T&M Ticket Governance,Change Order Management,Owner / Developer | Quantity Surveyor,ROI and Cost Uncertainty,Clearstory,Automation,SaaS,Data Analytics | LLMs,Understanding what drives cost and schedule changes across projects requires manual data aggregation and analysis.,Knowledge Encoding & Reuse
Field & Project Document Governance,Construction RFIs & Issue Resolution,Main Contractor | Architect | Structural Engineer | MEP Engineer,Data Fragmentation,Constructable,Custom Agent,SaaS,LLMs | RAG,"Drawings, RFIs, photos, daily logs and submittals reside in disjointed siloed systems; there is no unified context linking documentation to drawing locations and revisions.",Project Document Q&A Retrieval
Field & Project Document Governance,Construction RFIs & Issue Resolution,Main Contractor | Architect | Structural Engineer | MEP Engineer | Owner / Developer | Project Manager,Knowledege Fragmentation,Constructable,Custom Agent,SaaS,LLMs | NLP,"Site and office personnel waste significant time hunting for answers across drawings, specs, RFIs, submittals and scattered logs; manual document lookup slows on‑site issue resolution.",Contract & Spec Intelligence Extraction
Field & Project Document Governance,Submittal & Shop Drawing Review,Architect | Structural Engineer | MEP Engineer,Knowledege Fragmentation,Constructable,Custom Agent,SaaS,Agentic AI | LLMs,"Project managers spend hours manually searching documents, compiling reports, and answering routine questions.",Automated Project Intelligence
BIM‑BOQ Material‑To‑LCA Dataset Mapping,Building Performance & Energy Modeling,Architect | MEP Engineer | Quantity Surveyor | Project Manager,Manual & Repetitive Work,One Click LCA,Calculator,SaaS,Database Integration | Rule-based Financial Model,Calculating embodied carbon and life cycle impacts manually from BIM models is extremely time-consuming.,Automated BIM-to-LCA Calculation
Generative Design & Single‑Source Documentation Governance,Detailed Architectural Modeling & Coordination,Architect,Manual & Repetitive Work,SWAPP AI,Custom Agent,SaaS,LLMs | RAG | Rule-based Financial Model,Manual construction drawing production is time-consuming with inconsistent standards across teams.,BIM Documentation
Construction‑Site Performance & Issue Management,As-Built Documentation (Digital Twin Handover),Main Contractor | Architect | Facility Manager,Data Fragmentation,Doxel,Automation,SaaS,Computer Vision,"Site video, BIM models, and schedule data exist in separate systems with no unified analysis.",Integrated Reality Analysis Platform
Construction‑Site Performance & Issue Management,Progress Monitoring & Quality Inspections,Architect | Quantity Surveyor | Main Contractor | Project Manager,ROI and Cost Uncertainty,Doxel,Automation,SaaS,Computer Vision | Predictive Analytics,Earned value and cost forecasting rely on inaccurate manual progress reports.,AI Value Management
Construction‑Site Performance & Issue Management,Progress Monitoring & Quality Inspections,Project Manager | Main Contractor | Architect | Subcontractors,Productivity Tracking Gaps,Doxel,Automation,SaaS,Computer Vision | Deep Learning,"Manual progress tracking is slow, subjective, and fails to surface hidden issues early enough.",AI Automated Progress Tracking
Construction‑Site Performance & Issue Management,Progress Monitoring & Quality Inspections,Architect | Main Contractor | Project Manager,Design Error & Coordination Gaps,Doxel,Automation,SaaS,Anomaly Detection | Computer Vision,Quality issues and installation errors are often missed during manual inspections and discovered too late.,Quality Detection
Legacy Document & BIM Data Centralization,Cross-Disciplinary QA/QC Check,Architect | MEP Engineer | Structural Engineer,Knowledege Fragmentation,SWAPP AI,Custom Agent,SaaS,Information Extraction | LLMs,Senior designer expertise is lost with staff turnover; no standardized institutional knowledge base.,Institutional Knowledge Retention
Document Compliance Review,Production of Architectural Working Drawings,Architect | Draftsmen,Design Error & Coordination Gaps,SWAPP AI,Custom Agent,SaaS,RAG,"Manual code compliance reviews miss violations, causing costly rework and resubmissions.",Compliance Checking
Drawing Comparison & Revision Tracking,Drafting Technical Specifications,Architect | MEP Engineer | Structural Engineer,Document Management,SWAPP AI,Custom Agent,SaaS,RAG,Manual comparison of drawing revisions leads to missed changes and coordination errors.,Multi-Version Drawing Diff
MEP Design & Engineering Coordination,MEP System & Space Allocation,Architect | MEP Engineer,Manual & Repetitive Work,Augmenta,Custom Agent,SaaS,Spatial 3D Generative AI,Manual MEP conduit routing takes weeks with iterative adjustments to avoid conflicts.,Generative MEP Spatial Routing
BIM‑Based Design Coordination & Clash Review,MEP Routing & Sizing,MEP Engineer,Design Error & Coordination Gaps,Augmenta,Custom Agent,SaaS,3D Spatial Collision Reasoning,Multi-trade clashes discovered late in design cause significant rework and delays.,Real-Time Clash Resolution
Preconstruction Cost Estimation Governance,Detailed Cost Estimate,Quantity Surveyor | Project Manager,ROI and Cost Uncertainty,Augmenta,Custom Agent,SaaS,Monte Carlo simulation | Parametric Cost Regression,"Manual cost takeoff for multiple MEP design options is slow, limiting value engineering.",Multi-Option Cost Simulation
2D-to-3D Model Revision Synchronization,Detailed Cost Estimate,Project Manager | Quantity Surveyor | Main Contractor | Subcontractors | Supplier,Data Fragmentation,Augmenta,Custom Agent,SaaS,Format Conversion,Design models require manual rework to produce fabrication-ready shop drawings.,Fabrication-Ready BIM Export
Quantity‑Spec Data Alignment & Central Access,Material & Finish Selection,Architect | Owner / Developer,Data Fragmentation,Parspec,Custom Agent,SaaS,LLMs | Multimodal AI,Manufacturer catalogs are scattered PDFs; manual product research and compliance checks are inefficient.,Building Product Specification Matching
Tender & Procurement Governance,Subcontractor Quote Sourcing & Leveling,Main Contractor | Subcontractors | Bid Manager,Manual & Repetitive Work,Parspec,Custom Agent,SaaS,LLMs,Manual compilation of product data sheets and submittal packages consumes hours per project.,Automated Submittal Generation
Schedule Risk & Bid Trade‑off Analysis,Bid Consolidation & Commercial Evaluation,Project Manager | Quantity Surveyor,Procurement Inefficiency,Parspec,Custom Agent,SaaS,Data Analytics,Vendor quotations come from vendors as disjointed PDF templates with inconsistent formatting; manual normalization for apples‑to‑apples bid leveling comparison is time-consuming and prone to data entry & scope errors.,Bid Normalization & Comparison
Schedule Risk & Bid Trade‑off Analysis,Bid Consolidation & Commercial Evaluation,Quantity Surveyor | Project Manager,Procurement Inefficiency,Parspec,Custom Agent,SaaS,Data Analytics,Vendor quotations come from vendors as disjointed PDF templates with inconsistent formatting; manual normalization for apples‑to‑apples bid leveling comparison is time-consuming and prone to data entry & scope errors.,Bid Normalization & Comparison
Statutory AI Compliance,Building Permit Submission & Approvals,Architect | Project Manager,Compliance & Regulatory Burden,PermitFlow,Custom Agent,SaaS,LLMs | RAG,Jurisdiction-specific codes are fragmented; manual applications face repeated rejections delaying projects.,Permit Automation
Construction Risk & Lifecycle Governance,Go / No-Go Decision,Owner / Developer,Cost & Schedule Uncertainty,PermitFlow,Custom Agent,SaaS,Predictive Analytics,"Permit approval timelines are unpredictable, creating scheduling risk in early project planning.",Permit Timeline Prediction
Document Compliance Review,Cross-Disciplinary QA/QC Check,Architect | Structural Engineer | MEP Engineer,Document Management,PermitFlow,Custom Agent,SaaS,LLMs,Manual interpretation of plan check comments leads to slow cross-discipline coordination on revisions.,Comment Resolution Intelligence
Field & Project Document Governance,Space & Asset Management,Facility Manager,Data Fragmentation,PermitFlow,Custom Agent,SaaS,OCR,"Permits and certificates are filed across systems, making retrieval for operations and audits difficult.",Centralized Permit Repository
2D Drawing Quantity Takeoff & Bid Preparation,Quantity Takeoff & Bid Estimation,Main Contractor | Bid Manager | Subcontractors,Manual & Repetitive Work,Drawer AI,Automation,SaaS,Computer Vision | NLP,Manual counting of electrical devices and fixtures across drawings is slow and error-prone.,AI Auto-Takeoff
ELV Specification Matching & Cable Routing Optimization,MEP Routing & Sizing,MEP Engineer,Compliance & Regulatory Burden,Drawer AI,Automation,SaaS,Computer Vision | Generative AI | NLP | Rule‑based Engine,Manual circuit routing and voltage drop calculations risk NEC violations and rework.,NEC-Compliant Auto-Routing
Multi‑Trade Drawing Quantity Takeoff & BOQ Preparation,Preparation of the Bill of Quantities (BOQ),Quantity Surveyor,Design Error & Coordination Gaps,Drawer AI,Automation,SaaS,Computer Vision | NLP | Rule‑based Engine,Manual takeoff across split drawing sheets causes double-counting in overlap zones.,Multi-Sheet Drawing Stitching
Pre‑Construction AI Drawing Review & Bid‑Workflow Acceleration,Value Engineering (VE) Review,Architect | Main Contractor | Quantity Surveyor | Owner / Developer,Cost & Schedule Uncertainty,Drawer AI,Automation,SaaS,Computer Vision | NLP | Rule‑based Engine,"Revised drawings require full manual re-takeoff, slowing down value engineering comparisons.",Multi-Sheet Drawing Stitching
GPS-Denied Spatial Photo Alignment,Progress Monitoring & Quality Inspections,Main Contractor | Architect | Project Manager,Data Fragmentation,OpenSpace,Automation,Hardware + SaaS,Computer Vision | ML‑Spatial Matching | Rule‑based Engine,"Manual site photo documentation is scattered, untagged, and hard to trace over time.",360° Site Reality Mapping
Construction‑Site Performance & Issue Management,Construction RFIs & Issue Resolution,Main Contractor | Architect | Structural Engineer,Design Error & Coordination Gaps,OpenSpace,Automation,Hardware + SaaS,Computer Vision | ML‑Spatial Matching | Rule‑based Engine,Manual comparison of planned vs. actual construction catches deviations too late.,AI Automated Progress Tracking
Scan-to-BIM Modeling,As-Built Documentation (Digital Twin Handover),Main Contractor | Architect | Facility Manager,Document Management,OpenSpace,Automation,Hardware + SaaS,Computer Vision | ML‑Spatial Matching | Rule‑based Engine,As-built documentation relies on 2D drawings without visual record of actual site conditions.,As-Built Digital Twin Delivery
Construction Site Field Layout & Model‑to‑Field Execution,Snagging and Defect Rectification,Architect | Project Manager | Main Contractor,Manual & Repetitive Work,OpenSpace,Automation,Hardware + SaaS,Computer Vision | ML‑Spatial Matching | Rule‑based Engine,Manual defect logging requires repeat site visits and handwritten notes that are hard to track.,Visual Punch List Tracking
Pre‑Construction AI Drawing Review & Bid‑Workflow Acceleration,Tender Queries (RFI) Management,Architect | Structural Engineer | MEP Engineer | Main Contractor,Document Management,Civils.ai,Custom Agent,SaaS,LLMs | NLP,"Specs and contracts are dense documents; manually identifying risks, exclusions, and discrepancies across bid packages is slow.",Specification & Contract Risk Extraction
Multi‑Trade Drawing Quantity Takeoff & BOQ Preparation,Subcontractor Quote Sourcing & Leveling,Main Contractor | Bid Manager | Subcontractors,Procurement Inefficiency,Civils.ai,Custom Agent,SaaS,Computer Vision | NLP,"Multi-trade takeoffs across masonry, fencing, flooring, and landscaping require separate manual workflows per trade.",Multi-Trade Quantity Extraction
Design Quality & Preconstruction Risk Governance,Go / No-Go Decision,Owner / Developer,Decision Support Deficit,AmpliFY,Custom Agent,SaaS,LLMs | NLP,"Preconstruction teams manually sift through transcripts, notes, and emails to identify risks before go/no-go decisions.",Automated Risk Identification from Documents
Pre‑Construction AI Drawing Review & Bid‑Workflow Acceleration,Schematic Cost Estimate,Quantity Surveyor | Project Manager,Manual & Repetitive Work,AmpliFY,Custom Agent,SaaS,LLMs,Setting up new project budgets and reports from scratch is repetitive; historical project data is underutilized.,Historical Project Benchmarking & Budget Auto-Population
Construction Financial & Administrative Workflow Orchestration,Budget & Financing Establishment,Owner / Developer | Project Manager,Data Fragmentation,AmpliFY,Custom Agent,SaaS,LLMs | NLP,"Estimating, planning, and procurement data lives in disconnected spreadsheets, causing misalignment across teams.",Cross-Source Data Aggregation & Visualization
Scan-to-BIM Modeling,Detailed Architectural Modeling & Coordination,Architect,Manual & Repetitive Work,WiseBIM,Automation,SaaS,Computer Vision,"Converting legacy 2D drawings (DWG, PDF, images) into Revit models requires manual tracing of walls, doors, windows, and slabs.",Automated 2D Element Recognition & Revit Generation
Legacy Document & BIM Data Centralization,Renovation & Retrofit Planning,Owner / Developer | Facility Manager,Data Fragmentation,WiseBIM,Automation,SaaS,Computer Vision,Renovation projects lack editable BIM models; existing buildings only have paper or PDF drawings.,Legacy Drawing Digitization to BIM
BIM‑Based Design Coordination & Clash Review,Clash Detection & Spatial Coordination,Architect | Subcontractors | MEP Engineer,Design Error & Coordination Gaps,WiseBIM,Automation,SaaS,Computer Vision,"Without a 3D model from 2D drawings, clash detection cannot begin until late in design.",Automated 2D Element Recognition & Revit Generation
Early‑Stage Site & Concept Design + Model‑Based Takeoff,Conceptual Space Planning & Layouts,Architect,Data Fragmentation,Empoli AI,Automation,SaaS,Computer Vision,Creating 3D models from 2D floor plans for client walkthroughs takes days of manual modeling.,2D Plan to 3D Model Auto-Conversion
Architectural Concept Visualization & Render Iteration,Client Review & Concept Approval,Owner / Developer | Project Manager | Architect,Cost & Schedule Uncertainty,Empoli AI,Automation,SaaS,Computer Vision,Clients wait days or weeks for updated 3D views after design changes.,Real-Time 3D Walkthrough Generation
2D-to-3D Model Revision Synchronization,Detailed Architectural Modeling & Coordination,Architect,Design Error & Coordination Gaps,Empoli AI,Automation,SaaS,Computer Vision | Rule‑based Engine,Clashes are discovered late because 2D-to-3D conversion is a bottleneck in early design.,Early BIM Validation from Converted Models
In‑Tool Generative Design Ideation,Structural Member Sizing & Calculations,Structural Engineer,Manual & Repetitive Work,Allplan,Custom Agent,On-Premises,LLMs | Rule‑based Engine,Engineers spend significant time on repetitive rebar placement and parametric modeling tasks.,Automated Rebar Placement & Parametric Modeling
Generative Design & Single‑Source Documentation Governance,Cross-Disciplinary QA/QC Check,Architect | MEP Engineer | Structural Engineer,Knowledege Fragmentation,Allplan,Custom Agent,On-Premises,LLMs,"Users need instant guidance on AEC standards, workflows, and best practices without leaving the software.",In-Software AEC Standards Guidance
Architectural Concept Visualization & Render Iteration,Architectural Aesthetic & Facade Concept,Architect | Owner / Developer,Cost & Schedule Uncertainty,Allplan,Custom Agent,On-Premises,Generative Design,Creating high-quality visualizations requires expensive hardware and long render times.,Cloud-Based Instant Visualization
Early‑Stage Site & Concept Design + Model‑Based Takeoff,Project Programming,Architect | Facility Manager,Manual & Repetitive Work,Floor Plan AI,Automation,SaaS,Generative Design | LLMs,Early-stage space planning requires manual drafting of multiple layout options from text briefs.,Text-to-Floor-Plan Generation
In‑Tool Generative Design Ideation,Conceptual Space Planning & Layouts,Architect,Data Fragmentation,Floor Plan AI,Automation,SaaS,Computer Vision | Generative Design,Hand-drawn sketches or old drawings need to be redrawn digitally for further development.,Sketch/Photo to Editable Plan Conversion
Architectural Concept Visualization & Render Iteration,Client Review & Concept Approval,Owner / Developer | Project Manager | Architect,Cost & Schedule Uncertainty,Floor Plan AI,Automation,SaaS,Generative Design,Clients struggle to understand 2D plans; 3D visualization is time-consuming to produce.,Multi-Style 2D/3D Plan Visualization
In‑Tool Generative Design Ideation,Conceptual Space Planning & Layouts,Architect,Manual & Repetitive Work,Homestyler,Custom Agent,SaaS,Computer Vision | Generative Design | LLMs,Interior design iteration is slow; designers manually create layouts and source furniture for each concept.,Conversational Interior Scheme Generation
Architectural Concept Visualization & Render Iteration,Material & Finish Selection,Owner / Developer | Architect,Cost & Schedule Uncertainty,Homestyler,Custom Agent,SaaS,Computer Vision | Generative Design,Interior design iteration is slow; designers manually create layouts and source furniture for each concept.,Instant Cloud Photorealistic Rendering
Quantity‑Spec Data Alignment & Central Access,Material & Finish Selection,Owner / Developer | Architect,Data and Integration Challenge,Homestyler,Custom Agent,SaaS,Computer Vision,Designers cannot quickly convert real-world furniture inspiration into specifiable 3D models.,Photo-to-3D Furniture Model Creation
Early‑Stage Site & Concept Design + Model‑Based Takeoff,Conceptual Space Planning & Layouts,Architect,Manual & Repetitive Work,Planner5D,Automation,SaaS,Computer Vision | Generative Design,Building 3D models room by room from existing floor plans is tedious and time-consuming.,AI Floor Plan Recognition & 3D Conversion
Architectural Concept Visualization & Render Iteration,Client Review & Concept Approval,Owner / Developer | Project Manager | Architect,Workforce & Skills Gap,Planner5D,Automation,SaaS,Generative Design,Homeowners and non-professionals cannot visualize design concepts without specialized CAD skills.,Guided Design Generation for Non-Experts
Multi-Site Asset & Facility Mapping,Space & Asset Management,Facility Manager,Data Fragmentation,Planner5D,Automation,SaaS,Computer Vision,Facility managers lack easy tools to map and visualize existing spaces for planning.,Cross-Platform Space Mapping & Visualization
Architectural Concept Visualization & Render Iteration,Architectural Aesthetic & Facade Concept,Owner / Developer | Architect,Manual & Repetitive Work,Artificial Studio,Automation,SaaS,Computer Vision | Generative Design,"Converting hand sketches to photorealistic renders requires hours of 3D modeling, texturing, and rendering.",Sketch-to-Photoreal Render Generation
External Production of Construction Visuals & Presentation Media,Client Review & Concept Approval,Owner / Developer | Project Manager | Architect,Cost & Schedule Uncertainty,Artificial Studio,Automation,SaaS,Generative Design,Clients cannot visualize concepts from sketches; producing presentation visuals is expensive and slow.,Instant Client Presentation Visual Production
In‑Tool Generative Design Ideation,Project Brief & Visioning,Owner / Developer | Architect,Workforce & Skills Gap,Artificial Studio,Automation,SaaS,Generative Design,Early design ideation is limited by the speed of producing visual representations.,No-Code Concept Visualization
External Production of Construction Visuals & Presentation Media,Client Review & Concept Approval,Owner / Developer | Architect | Project Manager,Manual & Repetitive Work,Pixelcut,Automation,SaaS,Computer Vision | Generative Design,"Preparing presentation and marketing visuals requires manual background removal, retouching, and upscaling.",One-Click Image Enhancement & Background Processing
Tender & Procurement Governance,Issuance of Tender Package & RFP,Quantity Surveyor | Project Manager,Workforce & Skills Gap,Pixelcut,Automation,SaaS,Generative Design | LLMs,"Creating bid and proposal visuals (product shots, mood boards) requires design skills and software.",Prompt-Based Visual Content Generation
In‑Tool Generative Design Ideation,Conceptual Space Planning & Layouts,Architect,Manual & Repetitive Work,Kujiale,Custom Agent,SaaS,Computer Vision | Generative Design | LLMs,Creating full interior design schemes from client briefs takes days of manual layout and furnishing work.,Conversational Multi-Room Design Generation
Generative Design & Single‑Source Documentation Governance,Production of Architectural Working Drawings,Architect | Draftsmen,Document Management,Kujiale,Custom Agent,SaaS,Generative Design,Design-to-production handoff is fragmented; 3D designs must be manually converted to construction drawings and BOQ.,Design-to-Construction Document Automation
Scan-to-BIM Modeling,Detailed Architectural Modeling & Coordination,Architect,Data and Integration Challenge,Kujiale,Custom Agent,SaaS,Computer Vision,Converting floor plan images or CAD files into editable 3D models requires manual reconstruction.,Floor Plan Image Recognition & 3D Reconstruction
BIM‑Based Design Coordination & Clash Review,Structural Member Sizing & Calculations,Structural Engineer,Manual & Repetitive Work,Tekla,Custom Agent,On-Premises,LLMs | Rule‑based Engine,"Structural steel and rebar modeling involves repetitive creation of grids, members, and connections.",Natural Language Structural Modeling
Field & Project Document Governance,Submittal & Shop Drawing Review,Structural Engineer | Main Contractor | Architect,Knowledege Fragmentation,Tekla,Custom Agent,On-Premises,LLMs | NLP,Detailers and fabricators spend hours searching for structural specifications and product documentation.,In-Context Structural Specification Q&A
Generative Design & Single‑Source Documentation Governance,Production of Engineering Working Drawings,Structural Engineer | MEP Engineer,Document Management,Tekla,Custom Agent,On-Premises,LLMs | Rule‑based Engine,Creating fabrication drawings from scratch is repetitive; detailers manually clone and annotate similar sheets.,AI-Powered Fabrication Drawing Generation
Change‑Order & T&M Ticket Governance,Change Order Management,Quantity Surveyor | Owner / Developer,Knowledege Fragmentation,Document Crunch,Custom Agent,SaaS,LLMs | NLP | RAG,Long tender and specification documents require manual sorting of obligations and constraints with low efficiency,Change Order Contract Clause Instant Lookup
Construction Financial & Administrative Workflow Orchestration,Payment Application Validation,Quantity Surveyor | Main Contractor | Project Manager,Manual & Repetitive Work,Document Crunch,Custom Agent,SaaS,LLMs | NLP | Rule‑based Engine,"Manual cross-check of payment applications against contract terms creates repetitive, tedious administrative work",Payment Application Contract Cross-Check Automation
Design Quality & Preconstruction Risk Governance,Bid Consolidation & Commercial Evaluation,Quantity Surveyor | Project Manager,Decision Support Deficit,Document Crunch,Custom Agent,SaaS,LLMs | RAG | Rule‑based Engine,Different evaluators adopt inconsistent subjective standards when assessing tender risk without unified measurement metrics,Standardized Bid Risk Scoring Engine
